[{"model": "admin.logentry", "pk": 1, "fields": {"action_time": "2022-01-25T20:17:49.465Z", "user": 1, "content_type": 8, "object_id": "1", "object_repr": "am@am.com", "action_flag": 2, "change_message": "[{\"changed\": {\"fields\": [\"Verified\", \"Primary\"]}}]"}}, {"model": "admin.logentry", "pk": 2, "fields": {"action_time": "2022-01-26T22:19:26.557Z", "user": 1, "content_type": 15, "object_id": "18", "object_repr": "Test", "action_flag": 3, "change_message": ""}}, {"model": "admin.logentry", "pk": 3, "fields": {"action_time": "2022-01-26T22:19:26.564Z", "user": 1, "content_type": 15, "object_id": "17", "object_repr": "Test", "action_flag": 3, "change_message": ""}}, {"model": "admin.logentry", "pk": 4, "fields": {"action_time": "2022-01-27T00:36:20.427Z", "user": 1, "content_type": 15, "object_id": "20", "object_repr": "123456", "action_flag": 3, "change_message": ""}}, {"model": "admin.logentry", "pk": 5, "fields": {"action_time": "2022-01-27T23:52:24.209Z", "user": 1, "content_type": 8, "object_id": "2", "object_repr": "annemarie293@gmail.com", "action_flag": 2, "change_message": "[{\"changed\": {\"fields\": [\"Verified\"]}}]"}}, {"model": "admin.logentry", "pk": 6, "fields": {"action_time": "2022-01-28T22:16:17.884Z", "user": 1, "content_type": 14, "object_id": "23", "object_repr": "Yoga Sculpt", "action_flag": 2, "change_message": "[{\"changed\": {\"fields\": [\"Name\"]}}]"}}, {"model": "admin.logentry", "pk": 7, "fields": {"action_time": "2022-01-28T22:17:10.751Z", "user": 1, "content_type": 14, "object_id": "7", "object_repr": "Prenatal Empowerment", "action_flag": 2, "change_message": "[{\"changed\": {\"fields\": [\"Name\"]}}]"}}, {"model": "admin.logentry", "pk": 8, "fields": {"action_time": "2022-01-28T22:17:25.692Z", "user": 1, "content_type": 14, "object_id": "19", "object_repr": "Conditioning for Endurance", "action_flag": 2, "change_message": "[{\"changed\": {\"fields\": [\"Name\"]}}]"}}, {"model": "admin.logentry", "pk": 9, "fields": {"action_time": "2022-01-28T22:17:35.130Z", "user": 1, "content_type": 14, "object_id": "20", "object_repr": "Conditioning for Strength & Mobility", "action_flag": 2, "change_message": "[{\"changed\": {\"fields\": [\"Name\"]}}]"}}, {"model": "admin.logentry", "pk": 10, "fields": {"action_time": "2022-01-28T22:17:54.660Z", "user": 1, "content_type": 14, "object_id": "18", "object_repr": "Beginner Yoga Conditioning", "action_flag": 2, "change_message": "[{\"changed\": {\"fields\": [\"Name\"]}}]"}}, {"model": "admin.logentry", "pk": 11, "fields": {"action_time": "2022-01-28T22:22:23.116Z", "user": 1, "content_type": 14, "object_id": "14", "object_repr": "Athletic Power Yoga", "action_flag": 3, "change_message": ""}}, {"model": "admin.logentry", "pk": 12, "fields": {"action_time": "2022-01-28T22:22:23.121Z", "user": 1, "content_type": 14, "object_id": "18", "object_repr": "Beginner Yoga Conditioning", "action_flag": 3, "change_message": ""}}, {"model": "admin.logentry", "pk": 13, "fields": {"action_time": "2022-01-28T22:22:23.125Z", "user": 1, "content_type": 14, "object_id": "34", "object_repr": "Beginning Flow", "action_flag": 3, "change_message": ""}}, {"model": "admin.logentry", "pk": 14, "fields": {"action_time": "2022-01-28T22:22:23.128Z", "user": 1, "content_type": 14, "object_id": "5", "object_repr": "Build Healthy Knees", "action_flag": 3, "change_message": ""}}, {"model": "admin.logentry", "pk": 15, "fields": {"action_time": "2022-01-28T22:22:23.131Z", "user": 1, "content_type": 14, "object_id": "35", "object_repr": "Build the Foundation", "action_flag": 3, "change_message": ""}}, {"model": "admin.logentry", "pk": 16, "fields": {"action_time": "2022-01-28T22:22:23.135Z", "user": 1, "content_type": 14, "object_id": "25", "object_repr": "Centered & Strong", "action_flag": 3, "change_message": ""}}, {"model": "admin.logentry", "pk": 17, "fields": {"action_time": "2022-01-28T22:22:23.138Z", "user": 1, "content_type": 14, "object_id": "3", "object_repr": "Cleanse & Revitalize", "action_flag": 3, "change_message": ""}}, {"model": "admin.logentry", "pk": 18, "fields": {"action_time": "2022-01-28T22:22:23.141Z", "user": 1, "content_type": 14, "object_id": "19", "object_repr": "Conditioning for Endurance", "action_flag": 3, "change_message": ""}}, {"model": "admin.logentry", "pk": 19, "fields": {"action_time": "2022-01-28T22:22:23.144Z", "user": 1, "content_type": 14, "object_id": "20", "object_repr": "Conditioning for Strength & Mobility", "action_flag": 3, "change_message": ""}}, {"model": "admin.logentry", "pk": 20, "fields": {"action_time": "2022-01-28T22:22:23.147Z", "user": 1, "content_type": 14, "object_id": "30", "object_repr": "Core & Hip Flexors 8", "action_flag": 3, "change_message": ""}}, {"model": "admin.logentry", "pk": 21, "fields": {"action_time": "2022-01-28T22:22:23.150Z", "user": 1, "content_type": 14, "object_id": "16", "object_repr": "Core Strength Yoga", "action_flag": 3, "change_message": ""}}, {"model": "admin.logentry", "pk": 22, "fields": {"action_time": "2022-01-28T22:22:23.153Z", "user": 1, "content_type": 14, "object_id": "32", "object_repr": "Energetic Equilibrium", "action_flag": 3, "change_message": ""}}, {"model": "admin.logentry", "pk": 23, "fields": {"action_time": "2022-01-28T22:22:23.156Z", "user": 1, "content_type": 14, "object_id": "6", "object_repr": "Energizing Abs", "action_flag": 3, "change_message": ""}}, {"model": "admin.logentry", "pk": 24, "fields": {"action_time": "2022-01-28T22:22:23.159Z", "user": 1, "content_type": 14, "object_id": "15", "object_repr": "Energizing Yoga", "action_flag": 3, "change_message": ""}}, {"model": "admin.logentry", "pk": 25, "fields": {"action_time": "2022-01-28T22:22:23.161Z", "user": 1, "content_type": 14, "object_id": "1", "object_repr": "Feel Good Flow", "action_flag": 3, "change_message": ""}}, {"model": "admin.logentry", "pk": 26, "fields": {"action_time": "2022-01-28T22:22:23.164Z", "user": 1, "content_type": 14, "object_id": "8", "object_repr": "First Trimester 4 Flow", "action_flag": 3, "change_message": ""}}, {"model": "admin.logentry", "pk": 27, "fields": {"action_time": "2022-01-28T22:22:23.167Z", "user": 1, "content_type": 14, "object_id": "12", "object_repr": "Gentle 5 Pilates", "action_flag": 3, "change_message": ""}}, {"model": "admin.logentry", "pk": 28, "fields": {"action_time": "2022-01-28T22:22:23.170Z", "user": 1, "content_type": 14, "object_id": "11", "object_repr": "Gentle 5 Strength Fusion", "action_flag": 3, "change_message": ""}}, {"model": "admin.logentry", "pk": 29, "fields": {"action_time": "2022-01-28T22:22:23.172Z", "user": 1, "content_type": 14, "object_id": "29", "object_repr": "Hello Hamstrings", "action_flag": 3, "change_message": ""}}, {"model": "admin.logentry", "pk": 30, "fields": {"action_time": "2022-01-28T22:22:23.175Z", "user": 1, "content_type": 14, "object_id": "26", "object_repr": "Hydration Boost", "action_flag": 3, "change_message": ""}}, {"model": "admin.logentry", "pk": 31, "fields": {"action_time": "2022-01-28T22:22:23.178Z", "user": 1, "content_type": 14, "object_id": "33", "object_repr": "Intro to the Basics", "action_flag": 3, "change_message": ""}}, {"model": "admin.logentry", "pk": 32, "fields": {"action_time": "2022-01-28T22:22:23.180Z", "user": 1, "content_type": 14, "object_id": "2", "object_repr": "Light Your Fire", "action_flag": 3, "change_message": ""}}, {"model": "admin.logentry", "pk": 33, "fields": {"action_time": "2022-01-28T22:22:23.183Z", "user": 1, "content_type": 14, "object_id": "28", "object_repr": "Neck & Shoulder Release", "action_flag": 3, "change_message": ""}}, {"model": "admin.logentry", "pk": 34, "fields": {"action_time": "2022-01-28T22:22:23.186Z", "user": 1, "content_type": 14, "object_id": "7", "object_repr": "Prenatal Empowerment", "action_flag": 3, "change_message": ""}}, {"model": "admin.logentry", "pk": 35, "fields": {"action_time": "2022-01-28T22:22:23.188Z", "user": 1, "content_type": 14, "object_id": "27", "object_repr": "Reclaim Energy", "action_flag": 3, "change_message": ""}}, {"model": "admin.logentry", "pk": 36, "fields": {"action_time": "2022-01-28T22:22:23.191Z", "user": 1, "content_type": 14, "object_id": "13", "object_repr": "Reset for New Moms", "action_flag": 3, "change_message": ""}}, {"model": "admin.logentry", "pk": 37, "fields": {"action_time": "2022-01-28T22:22:23.193Z", "user": 1, "content_type": 14, "object_id": "22", "object_repr": "Sculpt Flow", "action_flag": 3, "change_message": ""}}, {"model": "admin.logentry", "pk": 38, "fields": {"action_time": "2022-01-28T22:22:23.196Z", "user": 1, "content_type": 14, "object_id": "10", "object_repr": "Second Trimester 4 Flow", "action_flag": 3, "change_message": ""}}, {"model": "admin.logentry", "pk": 39, "fields": {"action_time": "2022-01-28T22:22:23.198Z", "user": 1, "content_type": 14, "object_id": "31", "object_repr": "Shoulder Strengthening", "action_flag": 3, "change_message": ""}}, {"model": "admin.logentry", "pk": 40, "fields": {"action_time": "2022-01-28T22:22:23.201Z", "user": 1, "content_type": 14, "object_id": "4", "object_repr": "Spirit Transformation", "action_flag": 3, "change_message": ""}}, {"model": "admin.logentry", "pk": 41, "fields": {"action_time": "2022-01-28T22:22:23.204Z", "user": 1, "content_type": 14, "object_id": "9", "object_repr": "Third Trimester 4 Flow", "action_flag": 3, "change_message": ""}}, {"model": "admin.logentry", "pk": 42, "fields": {"action_time": "2022-01-28T22:22:23.206Z", "user": 1, "content_type": 14, "object_id": "24", "object_repr": "Upper Back 8", "action_flag": 3, "change_message": ""}}, {"model": "admin.logentry", "pk": 43, "fields": {"action_time": "2022-01-28T22:22:23.209Z", "user": 1, "content_type": 14, "object_id": "23", "object_repr": "Yoga Sculpt", "action_flag": 3, "change_message": ""}}, {"model": "admin.logentry", "pk": 44, "fields": {"action_time": "2022-01-28T22:22:23.212Z", "user": 1, "content_type": 14, "object_id": "21", "object_repr": "Yoga Sculpt", "action_flag": 3, "change_message": ""}}, {"model": "admin.logentry", "pk": 45, "fields": {"action_time": "2022-01-28T22:22:23.214Z", "user": 1, "content_type": 14, "object_id": "17", "object_repr": "Yoga Sculpt Circuit", "action_flag": 3, "change_message": ""}}, {"model": "auth.user", "pk": 1, "fields": {"password": "pbkdf2_sha256$260000$2v6oZ3uKXy5Ow19WhbbSfw$XjM8cjwvdDwf8UegSetTM72nMhGQHQJiNoWeSO5IiMU=", "last_login": "2022-01-28T21:40:04.660Z", "is_superuser": true, "username": "admin", "first_name": "", "last_name": "", "email": "am@am.com", "is_staff": true, "is_active": true, "date_joined": "2022-01-25T20:16:19.767Z", "groups": [], "user_permissions": []}}, {"model": "auth.user", "pk": 2, "fields": {"password": "pbkdf2_sha256$260000$AL35nlFpmO7O6NMWclNfG4$bZtTQpPP9cmH2dO/MwaC0yLvCvqFGxznBirGvmLiKr0=", "last_login": "2022-01-28T16:32:09.062Z", "is_superuser": false, "username": "annemarie", "first_name": "", "last_name": "", "email": "annemarie293@gmail.com", "is_staff": false, "is_active": true, "date_joined": "2022-01-27T23:52:01.461Z", "groups": [], "user_permissions": []}}, {"model": "sessions.session", "pk": "1230s359hokhjstsmlnrgfr95j0kt5ik", "fields": {"session_data": "eyJiYXNrZXQiOnsiMSI6eyJxdWFudGl0eSI6MSwiY2F0ZWdvcnkiOiJwcm9kdWN0In19fQ:1nD6dh:m0ikPfjzIjwbok15fbvWNYR_MPn24aCRsiwp_bDRE5c", "expire_date": "2022-02-10T15:24:45.968Z"}}, {"model": "sessions.session", "pk": "26kjrjagxanpa49onmln2ixj3n8socfh", "fields": {"session_data": ".eJyNjMtuwyAQRf9l1sjiEYjtZff9BjTAOKaJIDFQtYr87w1SFu2myizuYu459w4WW11tK7TZGGAGAez3z6E_U-pF-MB0yoPPqW7RDR0Znm0Z3nOgy9uT_TOwYlkftnucMUGK0SmvndZeyEU4b1CRMHyRSGoJXh35JFCjGY9aCXkQXErjxkn10UKlxJwsfV3j9g2zkHwynDMo-Ek2piXDXLdGDByWM1WY76B63BqmGmtXGHisdMrdh-uWQ_MVdgbyRU68yB3-4_wFS4F9338AKQB-VQ:1nD6VM:j5lXmD8UvSgfmYqRtlStKouEol_n7_qEL7gTjo4tl94", "expire_date": "2022-02-10T15:16:08.749Z"}}, {"model": "sessions.session", "pk": "b8mcsavhoktupw0k8z87971lxpf4v638", "fields": {"session_data": ".eJx9i0EKwjAQRe_y19nootBcJozJKINposlEkJK7N0UR3HT3H_-9FeR9bkndi4tchYPjhSTCphaj-b2tcoHFGQYXqndW2BU-Uq3zvkR5cRKGMQ_j2Sip6Bv2ZOBJ-ZbLgI-PbvAoOTSv0386HaTfAr33DcaOPSQ:1nDEaK:pbwK3kQC78HHeWK5Z2vthe87qaX93Q-aQ1v7hedeJb8", "expire_date": "2022-02-10T23:53:48.519Z"}}, {"model": "sessions.session", "pk": "bbhl83xzp1stp0lbdcan4g6mjmgjnr88", "fields": {"session_data": "eyJiYXNrZXQiOnsicHJvZHVjdCI6eyJpdGVtX2lkIjoiMSIsInF1YW50aXR5IjoxfX19:1nD77U:Z_SROrWangE_ysPsl-XXHqdxAgqyip6kuei5Q5fm2U0", "expire_date": "2022-02-10T15:55:32.184Z"}}, {"model": "sessions.session", "pk": "hnnal3e971gfxs24zx7cm0nz8di5sx16", "fields": {"session_data": ".eJx9zcsKgCAQheF3OWs36s6XCVMJ6a7TIsJ37wJBA9XuDMzHv6G2uQ0Es2FKo18cyXNHCn0VPQwkBObFDhRphZECzlJoxnQct0AR91QcK4b1F3adzfmX8u71_6hqTjWj6r1ayg5x9VQW:1nD8zn:oC1jOcdvABnGn9KVc11Ur4GdECxXX4bR6wV3NPJq4Uc", "expire_date": "2022-02-10T17:55:43.755Z"}}, {"model": "sessions.session", "pk": "j24ropad7mmfbsc4xhlvo30iz4rnl69c", "fields": {"session_data": ".eJyrVkpKLM5OLVGyqlYqKMpPKU0GMzNLUnPjM1OUrJQMlXSUCksT80oySyqVrAxrdWDKDPGq01FKTixJTc8vAnLgBtfW1gIAS1Ul0Q:1nD8A2:u6jL21H9C64Z4o0ii7O0w2KBegMNkYkzeK1AnwGx7C8", "expire_date": "2022-02-10T17:02:14.221Z"}}, {"model": "sessions.session", "pk": "sif22x5sevsv4jv2aia4q3s85c81bm38", "fields": {"session_data": "e30:1nDZpF:DejvyVJXWfLmykXV1me89FWMFPXPYi7XElZC6zMbUH0", "expire_date": "2022-02-11T22:34:37.455Z"}}, {"model": "sessions.session", "pk": "uftkpj2auvppmkjzyxp45f65e13fwdpb", "fields": {"session_data": ".eJw1yDsOwjAQBcCrPL3aBYlE4xtwhjiyNnjFT7EDuy5QlLtTMeXsXMRe6ow7t08r_eoj43AE5lXN5KbGyGlKzPlprf43MeAUMJ4DEi-uK95dqj_8i7sYFtWKvhVxLfCGIXGeefwABgokrg:1nD93k:oua4bv2j7PtM_vEs-cMoyf9UGlfulzo76L74PwUWEIg", "expire_date": "2022-02-10T17:59:48.142Z"}}, {"model": "sessions.session", "pk": "ykjh0glw80vhm372iv8x00b26a8yj13c", "fields": {"session_data": ".eJxVjMFuwyAQRP9lz5blhUIcH3vvN6AF1jFNBK0XV40i_3uMlEM7hznMvJkHONrq4jbh1aUIEyB0fzNP4cq5FfGT8qX0oeS6Jt83pH-10n-UyLf3F_vvYCFZjrU_ZG1UOHodjDcmoJrRB0ua0Q6zItZzDPo0nJEM2fFkNKo3HJSyfjzrdioskkp2_PuV1jtMQwdCP-xSngtMdd24A09y5QrTA3Sz741yTfWAsYNAlS-lLSHcSAT2fX8CphJVNQ:1nChyd:EnyoDpriwQIdGASCBpCo11ddctPxRC-1IKOVO9DfVIo", "expire_date": "2022-02-09T13:04:43.606Z"}}, {"model": "sites.site", "pk": 1, "fields": {"domain": "example.com", "name": "example.com"}}, {"model": "account.emailaddress", "pk": 1, "fields": {"user": 1, "email": "am@am.com", "verified": true, "primary": true}}, {"model": "account.emailaddress", "pk": 2, "fields": {"user": 2, "email": "annemarie293@gmail.com", "verified": true, "primary": true}}, {"model": "trainers.trainer", "pk": 1, "fields": {"name": "Amy", "years_practicing": 8, "years_teaching": 4, "bio": "Lorem ipsum dolor sit amet, consectetur adipiscing elit, sed do eiusmod tempor incididunt ut labore et dolore magna aliqua. Ut enim ad minim veniam, quis nostrud exercitation ullamco laboris nisi ut aliquip ex ea commodo consequat. Duis aute irure dolor in reprehenderit in voluptate velit esse cillum dolore eu fugiat nulla pariatur. Excepteur sint occaecat cupidatat non proident, sunt in culpa qui officia deserunt mollit anim id est laborum.", "image": "amy.jpg"}}, {"model": "trainers.trainer", "pk": 2, "fields": {"name": "Ryan", "years_practicing": 2, "years_teaching": 1, "bio": "Lorem ipsum dolor sit amet, consectetur adipiscing elit, sed do eiusmod tempor incididunt ut labore et dolore magna aliqua. Ut enim ad minim veniam, quis nostrud exercitation ullamco laboris nisi ut aliquip ex ea commodo consequat. Duis aute irure dolor in reprehenderit in voluptate velit esse cillum dolore eu fugiat nulla pariatur. Excepteur sint occaecat cupidatat non proident, sunt in culpa qui officia deserunt mollit anim id est laborum.", "image": "ryan.jpg"}}, {"model": "trainers.trainer", "pk": 3, "fields": {"name": "Kelly", "years_practicing": 3, "years_teaching": 2, "bio": "Lorem ipsum dolor sit amet, consectetur adipiscing elit, sed do eiusmod tempor incididunt ut labore et dolore magna aliqua. Ut enim ad minim veniam, quis nostrud exercitation ullamco laboris nisi ut aliquip ex ea commodo consequat. Duis aute irure dolor in reprehenderit in voluptate velit esse cillum dolore eu fugiat nulla pariatur. Excepteur sint occaecat cupidatat non proident, sunt in culpa qui officia deserunt mollit anim id est laborum.", "image": "kelly.jpg"}}, {"model": "trainers.trainer", "pk": 4, "fields": {"name": "Sarah", "years_practicing": 4, "years_teaching": 1, "bio": "Lorem ipsum dolor sit amet, consectetur adipiscing elit, sed do eiusmod tempor incididunt ut labore et dolore magna aliqua. Ut enim ad minim veniam, quis nostrud exercitation ullamco laboris nisi ut aliquip ex ea commodo consequat. Duis aute irure dolor in reprehenderit in voluptate velit esse cillum dolore eu fugiat nulla pariatur. Excepteur sint occaecat cupidatat non proident, sunt in culpa qui officia deserunt mollit anim id est laborum.", "image": "sarah.jpg"}}, {"model": "trainers.trainer", "pk": 5, "fields": {"name": "Brian", "years_practicing": 5, "years_teaching": 2, "bio": "Lorem ipsum dolor sit amet, consectetur adipiscing elit, sed do eiusmod tempor incididunt ut labore et dolore magna aliqua. Ut enim ad minim veniam, quis nostrud exercitation ullamco laboris nisi ut aliquip ex ea commodo consequat. Duis aute irure dolor in reprehenderit in voluptate velit esse cillum dolore eu fugiat nulla pariatur. Excepteur sint occaecat cupidatat non proident, sunt in culpa qui officia deserunt mollit anim id est laborum.", "image": "brian.jpg"}}, {"model": "trainers.trainer", "pk": 6, "fields": {"name": "Lena", "years_practicing": 7, "years_teaching": 3, "bio": "Lorem ipsum dolor sit amet, consectetur adipiscing elit, sed do eiusmod tempor incididunt ut labore et dolore magna aliqua. Ut enim ad minim veniam, quis nostrud exercitation ullamco laboris nisi ut aliquip ex ea commodo consequat. Duis aute irure dolor in reprehenderit in voluptate velit esse cillum dolore eu fugiat nulla pariatur. Excepteur sint occaecat cupidatat non proident, sunt in culpa qui officia deserunt mollit anim id est laborum.", "image": "lena.jpg"}}, {"model": "trainers.trainer", "pk": 7, "fields": {"name": "Emily", "years_practicing": 5, "years_teaching": 4, "bio": "Lorem ipsum dolor sit amet, consectetur adipiscing elit, sed do eiusmod tempor incididunt ut labore et dolore magna aliqua. Ut enim ad minim veniam, quis nostrud exercitation ullamco laboris nisi ut aliquip ex ea commodo consequat. Duis aute irure dolor in reprehenderit in voluptate velit esse cillum dolore eu fugiat nulla pariatur. Excepteur sint occaecat cupidatat non proident, sunt in culpa qui officia deserunt mollit anim id est laborum.", "image": "emily.jpg"}}, {"model": "trainers.trainer", "pk": 8, "fields": {"name": "Eric", "years_practicing": 9, "years_teaching": 5, "bio": "Lorem ipsum dolor sit amet, consectetur adipiscing elit, sed do eiusmod tempor incididunt ut labore et dolore magna aliqua. Ut enim ad minim veniam, quis nostrud exercitation ullamco laboris nisi ut aliquip ex ea commodo consequat. Duis aute irure dolor in reprehenderit in voluptate velit esse cillum dolore eu fugiat nulla pariatur. Excepteur sint occaecat cupidatat non proident, sunt in culpa qui officia deserunt mollit anim id est laborum.", "image": "eric.jpg"}}, {"model": "trainers.trainer", "pk": 9, "fields": {"name": "Lauren", "years_practicing": 6, "years_teaching": 4, "bio": "Lorem ipsum dolor sit amet, consectetur adipiscing elit, sed do eiusmod tempor incididunt ut labore et dolore magna aliqua. Ut enim ad minim veniam, quis nostrud exercitation ullamco laboris nisi ut aliquip ex ea commodo consequat. Duis aute irure dolor in reprehenderit in voluptate velit esse cillum dolore eu fugiat nulla pariatur. Excepteur sint occaecat cupidatat non proident, sunt in culpa qui officia deserunt mollit anim id est laborum.", "image": "lauren.jpg"}}, {"model": "trainers.trainer", "pk": 10, "fields": {"name": "Megan", "years_practicing": 4, "years_teaching": 2, "bio": "Lorem ipsum dolor sit amet, consectetur adipiscing elit, sed do eiusmod tempor incididunt ut labore et dolore magna aliqua. Ut enim ad minim veniam, quis nostrud exercitation ullamco laboris nisi ut aliquip ex ea commodo consequat. Duis aute irure dolor in reprehenderit in voluptate velit esse cillum dolore eu fugiat nulla pariatur. Excepteur sint occaecat cupidatat non proident, sunt in culpa qui officia deserunt mollit anim id est laborum.", "image": "megan.jpg"}}, {"model": "trainers.trainer", "pk": 11, "fields": {"name": "Abby", "years_practicing": 12, "years_teaching": 8, "bio": "ABCDdjdfngkjdnfbgfdbd", "image": "home_ftllRTP.jpg"}}, {"model": "classes.practice", "pk": 1, "fields": {"name": "vinyasa"}}, {"model": "classes.practice", "pk": 2, "fields": {"name": "kundalini"}}, {"model": "classes.practice", "pk": 3, "fields": {"name": "iyengar"}}, {"model": "classes.practice", "pk": 4, "fields": {"name": "prenatal"}}, {"model": "classes.practice", "pk": 5, "fields": {"name": "postnatal"}}, {"model": "classes.practice", "pk": 6, "fields": {"name": "conditioning"}}, {"model": "classes.practice", "pk": 7, "fields": {"name": "vinyasa"}}, {"model": "classes.practice", "pk": 8, "fields": {"name": "hatha"}}, {"model": "classes.practice", "pk": 9, "fields": {"name": "ashtanga"}}, {"model": "classes.yogaclass", "pk": 36, "fields": {"name": "Feel Good Flow", "category": "class", "sku": "1FEE/VIN/EMI", "description": "An ideal balance of strength and stretch, you'll flow through sun salutations, drop low in malasana, dance through warrior variations, and float into half moon. Finish up with happy baby and a nice savasana.", "practice": 1, "level": "beginner", "intensity": "regular", "session_duration": 30, "series_duration": 10, "equipment": "none", "trainer": 9, "price": "40.00", "image": "1.jpg"}}, {"model": "classes.yogaclass", "pk": 37, "fields": {"name": "Light Your Fire", "category": "class", "sku": "2LIG/KUN/BRI", "description": "This 2 class is all about turning up your inner heat to radiate energy outward. Warm up with a simple flow, then fire up your core in Side Plank and crunch variations. Finish with Breath of Fire while focusing on the Crown Chakra", "practice": 2, "level": "intermediate", "intensity": "low", "session_duration": 15, "series_duration": 6, "equipment": "none", "trainer": 7, "price": "30.00", "image": "2.jpg"}}, {"model": "classes.yogaclass", "pk": 38, "fields": {"name": "Cleanse & Revitalize", "category": "class", "sku": "3CLE/KUN/LAU", "description": "Slow down and center yourself with powerful pranayama and simple movement. Energize your mind and body as you practice lots of breathwork paired with Cat Cow, Down Dog, Standing Forward Bend, and a Kriya for the navel and heart", "practice": 2, "level": "all", "intensity": "regular", "session_duration": 25, "series_duration": 8, "equipment": "none", "trainer": 2, "price": "35.00", "image": "3.jpg"}}, {"model": "classes.yogaclass", "pk": 39, "fields": {"name": "Spirit Transformation", "category": "class", "sku": "4SPI/KUN/ERI", "description": "A refreshing class to begin or end your day. Open your body with movement, then quiet your mind and connect inwards with breathwork. Flow through Sun Salutations, Archer Pose, then finish with ten minutes of Guan Mudra breath practice", "practice": 2, "level": "all", "intensity": "low", "session_duration": 15, "series_duration": 8, "equipment": "none", "trainer": 10, "price": "35.00", "image": "4.jpg"}}, {"model": "classes.yogaclass", "pk": 40, "fields": {"name": "Build Healthy Knees", "category": "class", "sku": "5BUI/IYE/LEN", "description": "This workshop-style class explores healthy knee flexion and extension using seated and standing postures. Begin by warming up the knees in supported Virasana, then safely work flexion and extension into them in a variety of poses including Warrior 2, Parsvottanasana, Parighasana, and Janu Sirsasana. Finish with supported Baddha Konasana and Savasana", "practice": 3, "level": "intermediate", "intensity": "regular", "session_duration": 30, "series_duration": 10, "equipment": "block, blanket, straps", "trainer": 8, "price": "40.00", "image": "5.jpg"}}, {"model": "classes.yogaclass", "pk": 41, "fields": {"name": "Energizing Abs", "category": "class", "sku": "6ENE/IYE/LEN", "description": "Take this quick, no-prop ab sequence anywhere or add it onto another class for a boost of energy. Activate your entire core, including the deep lower abs, using 1 and 3 Yoga-inspired movements like supine leg lifts and dynamic Boat poses. Finish with Bound Angle pose to relax the muscles you've worked.", "practice": 3, "level": "intermediate", "intensity": "high", "session_duration": 15, "series_duration": 10, "equipment": "none", "trainer": 8, "price": "40.00", "image": "6.jpg"}}, {"model": "classes.yogaclass", "pk": 42, "fields": {"name": "Prenatal Empowerment", "category": "class", "sku": "7PRE/PRE/EMI", "description": "This 1 class is for yogis with an established practice who are in the 2nd-3rd trimester of pregnancy. Tap into your innate strength through this flow that includes dynamic Lunges, Warrior II, Figure Four Chair, and Half Moon. Finish with relaxing hip-opening stretches and Savasana", "practice": 4, "level": "intermediate", "intensity": "low", "session_duration": 40, "series_duration": 12, "equipment": "block, blanket", "trainer": 9, "price": "50.00", "image": "7.jpeg"}}, {"model": "classes.yogaclass", "pk": 43, "fields": {"name": "First Trimester Prenatal Flow", "category": "class", "sku": "8FIR/PRE/KEL", "description": "A 4 flow to help you stay active and strong in your mind and body throughout your first trimester. Move through a steady sequence with Sun Salutations, a Warrior series with optional weights, Bridge work with optional resistance bands, and an upper body strength series with weight. Finish with a relaxing cool-down stretch", "practice": 4, "level": "intermediate", "intensity": "regular", "session_duration": 30, "series_duration": 12, "equipment": "block, resistance loop", "trainer": 5, "price": "50.00", "image": "8.jpeg"}}, {"model": "classes.yogaclass", "pk": 44, "fields": {"name": "Third Trimester Prenatal Flow", "category": "class", "sku": "9THI/PRE/SAR", "description": "A 4 Pilates-fusion flow to help build stamina in your third trimester, and prepare your body for labor by learning how to use the breath to help push you through a movement. This sequence combines yoga flow with barre-inspired exercises like plies and marching with added resistance. Finish with Pilates-style Hundreds, and glute and inner thigh work with a ball.", "practice": 4, "level": "advanced", "intensity": "regular", "session_duration": 30, "series_duration": 12, "equipment": "ball, weights, blocks", "trainer": 6, "price": "50.00", "image": "9.jpeg"}}, {"model": "classes.yogaclass", "pk": 45, "fields": {"name": "Second Trimester Prenatal Flow", "category": "class", "sku": "10SEC/PRE/EMI", "description": "A 4 flow to help you stay active and strong in your mind and body throughout your second trimester. Move through a series of toning exercises to stretch your body and challenge your stamina. Begin with Sun Salutations, Squats, and Plies, then Donkey Kicks, Crab Walks, and Push-Ups. Finish with a glute series followed by Arm Dancing, and a relaxing cool-down", "practice": 4, "level": "intermediate", "intensity": "regular", "session_duration": 40, "series_duration": 12, "equipment": "weights, resistance loop, blocks", "trainer": 9, "price": "25.00", "image": "10.jpeg"}}, {"model": "classes.yogaclass", "pk": 46, "fields": {"name": "Gentle Postnatal Strength Fusion", "category": "class", "sku": "11GEN/POS/KEL", "description": "This combination of slow mindful movements and stretching borrows from yoga, Pilates, and Barre to help you connect to your body and reactivate and strengthen your muscles safely. This class is perfect for 5 mothers and beginners looking to move and stretch their body gently. Begin with Plies to side stretch and Sun Salutations, then glute work with optional ankle weights. Stretch in Butterfly, Pigeon, and Child’s Pose", "practice": 5, "level": "beginner", "intensity": "regular", "session_duration": 20, "series_duration": 10, "equipment": "blocks, weights, chair", "trainer": 5, "price": "20.00", "image": "11.jpg"}}, {"model": "classes.yogaclass", "pk": 47, "fields": {"name": "Gentle Postnatal Pilates", "category": "class", "sku": "12GEN/POS/KEL", "description": "This gentle yet effective, full-body routine is designed to help new moms reconnect with their bodies. Learn to reengage your core and pelvic floor, as you work on getting stronger from head to toe. Start slowly on your back, then move through a variety of exercises that will safely challenge post-baby bodies", "practice": 5, "level": "beginner", "intensity": "low", "session_duration": 25, "series_duration": 8, "equipment": "blanket", "trainer": 5, "price": "35.00", "image": "12.jpg"}}, {"model": "classes.yogaclass", "pk": 48, "fields": {"name": "Reset for New Moms", "category": "class", "sku": "13RES/POS/AMY", "description": "This gentle flow will help new mamas nurture themselves, and balance their bodies post-baby. Find spaciousness and ease throughout your shoulders and side body as you move through 1s, triangle, and warrior III. You'll then come down to the mat for stretches and savasana, reveling in this time that's all for yourself", "practice": 5, "level": "all", "intensity": "low", "session_duration": 25, "series_duration": 10, "equipment": "blanket", "trainer": 1, "price": "40.00", "image": "13.jpg"}}, {"model": "classes.yogaclass", "pk": 49, "fields": {"name": "Athletic Power Yoga", "category": "class", "sku": "14ATH/CON/RYA", "description": "A high-energy yoga 6 class with powerful movement that blends strength with stamina. Move through core work, hip-openers, Sun Salutation variations, and a Tree Pose sequence. Have fun in your flow and push thoughts aside!", "practice": 6, "level": "advanced", "intensity": "high", "session_duration": 40, "series_duration": 10, "equipment": "none", "trainer": 4, "price": "40.00", "image": "14.jpg"}}, {"model": "classes.yogaclass", "pk": 50, "fields": {"name": "Energizing Yoga", "category": "class", "sku": "15ENE/CON/AMY", "description": "A sweaty, high-intensity workout that blends yoga with cardio to establish more confidence in your strength and stamina for traditional yoga classes. Exercises include Sun Salutation variations with weights, a cardio series with Squats, Warrior II with strength modifications, and Jumping Jacks. Add a cool down class from our library to take after.", "practice": 6, "level": "intermediate", "intensity": "high", "session_duration": 45, "series_duration": 12, "equipment": "weights", "trainer": 1, "price": "50.00", "image": "15.jpg"}}, {"model": "classes.yogaclass", "pk": 51, "fields": {"name": "Core Strength Yoga", "category": "class", "sku": "16COR/CON/ERI", "description": "Tone and strengthen your core while building flexibility and stability. Fire it up in this fun, high-intensity express workout that includes pranayama breathwork, targeted core work, and Sun Salutations with Forearm Plank and a Warrior Series.", "practice": 6, "level": "all", "intensity": "high", "session_duration": 30, "series_duration": 10, "equipment": "none", "trainer": 10, "price": "40.00", "image": "16.jpg"}}, {"model": "classes.yogaclass", "pk": 52, "fields": {"name": "Yoga Sculpt Circuit", "category": "class", "sku": "17YOG/CON/ERI", "description": "Blend your yoga practice with cardio to maximize strength, stamina, and stability. Move through three progressive circuits that include Sun Salutations with Mountain Climbers, Lunges, and Jumps with added weights to boost the challenge. Finish with Forearm Plank holds and a short stretch", "practice": 6, "level": "intermediate", "intensity": "high", "session_duration": 15, "series_duration": 8, "equipment": "weights", "trainer": 10, "price": "35.00", "image": "17.jpg"}}, {"model": "classes.yogaclass", "pk": 53, "fields": {"name": "Beginner Yoga Conditioning", "category": "class", "sku": "18BEG/CON/MEG", "description": "A yoga 6 class for beginners that combines 1 fundamentals with strength exercises. Build stamina and stability with Sun Salutations combined with Push Up and Mountain Climbers. Add light dumbbells in your Chair and Warrior variations, then finish with a sweaty 90-second burst of AMRAP (as many reps as possible) focused on lower body strength. Wind down with core work and seated stretches.", "practice": 6, "level": "beginner", "intensity": "regular", "session_duration": 20, "series_duration": 10, "equipment": "weights", "trainer": 3, "price": "40.00", "image": "18.jpg"}}, {"model": "classes.yogaclass", "pk": 54, "fields": {"name": "Conditioning for Endurance", "category": "class", "sku": "19CON/CON/RYA", "description": "Clear your mind by focusing on moving your body. This strength-building class uses repetitive movements plus dynamic asanas including Chair Squats, Side Plank, Warrior III, and Curtsy Lunges. Finish with core work and Savasana.", "practice": 6, "level": "all", "intensity": "high", "session_duration": 45, "series_duration": 12, "equipment": "none", "trainer": 4, "price": "50.00", "image": "19.jpg"}}, {"model": "classes.yogaclass", "pk": 55, "fields": {"name": "Conditioning for Strength & Mobility", "category": "class", "sku": "20CON/CON/BRI", "description": "Maximize your strength and mobility with a combination of dynamic exercise and flow. Begin with simple floor stretches to prime your flexibility then build up to more challenging postures like Wild Thing with hip raisers, Down Dog, Knee-to-Elbow, Squats, and Crescent Lunges. Flow through Sun Salutations with Warrior II, Triangle, and Plank before cooling down in Bridge, Happy Baby, and Savasana.", "practice": 6, "level": "beginner", "intensity": "regular", "session_duration": 30, "series_duration": 8, "equipment": "none", "trainer": 7, "price": "35.00", "image": "20.jpg"}}, {"model": "classes.yogaclass", "pk": 56, "fields": {"name": "Yoga Sculpt", "category": "class", "sku": "21YOG/CON/LAU", "description": "Stretch and strengthen your entire body in this fast-paced class that combines weights with 1. Feel the burn as you tone with exercises including Plank, Lunges, Squats, and core work", "practice": 6, "level": "all", "intensity": "high", "session_duration": 20, "series_duration": 10, "equipment": "weights", "trainer": 3, "price": "40.00", "image": "21.jpg"}}, {"model": "classes.yogaclass", "pk": 57, "fields": {"name": "Sculpt Flow", "category": "class", "sku": "22SCU/CON/LAU", "description": "Build strength and endurance in your practice so you can flow with more confidence and ease. This yoga 6 class incorporates weights into variations of Sun Salutations. Each sequence includes Lunges, Tricep Kickbacks, Warrior II with Side Raises, and Side Plank with Bicep Curls to build heat as you tone your entire body", "practice": 6, "level": "intermediate", "intensity": "high", "session_duration": 30, "series_duration": 8, "equipment": "weights", "trainer": 10, "price": "35.00", "image": "22.jpg"}}, {"model": "classes.yogaclass", "pk": 58, "fields": {"name": "Vinyasa Sculpt", "category": "class", "sku": "23VIN/VIN/SAR", "description": "Transform your traditional flow into a full-body sweat session by incorporating challenging upper and lower body strength movements, squats, jumps, and Chaturangas to fire up your entire body. Start by setting an intention for your practice then ignite energy with Breath of Fire and a Sun Salutation. Key movements include Malasana squat jumps, Plank elevators, Downdog push-ups, Crescent squats, and Bridge lifts.", "practice": 1, "level": "all", "intensity": "high", "session_duration": 40, "series_duration": 12, "equipment": "none", "trainer": 6, "price": "50.00", "image": "23.jpg"}}, {"model": "classes.yogaclass", "pk": 59, "fields": {"name": "Upper Back Hatha", "category": "class", "sku": "24UPP/HAT/SAR", "description": "Tap into tough to reach areas in your upper back for tension release. Begin with Eagle Arms then poses like Warrior II, Dolphin, Wide-Legged Forward Bend, and Bridge with added twists to open the back and shouders. This is a great class to counter the effects of sitting at a desk or looking down at your phone for most of the day", "practice": 8, "level": "intermediate", "intensity": "low", "session_duration": 15, "series_duration": 8, "equipment": "none", "trainer": 6, "price": "35.00", "image": "24.jpg"}}, {"model": "classes.yogaclass", "pk": 60, "fields": {"name": "Centered & Strong", "category": "class", "sku": "25CEN/HAT/LEN", "description": "Strengthen your connection to yourself and become a pro at self-nourishing using your breath. This practice opens your hips, heart, quads, shoulders, and back plus dedicates time to quiet your mind. Peak postures include Chair Pose on your toes, Camel Pose, and Malasana.", "practice": 8, "level": "all", "intensity": "regular", "session_duration": 45, "series_duration": 10, "equipment": "none", "trainer": 8, "price": "40.00", "image": "25.jpg"}}, {"model": "classes.yogaclass", "pk": 61, "fields": {"name": "Hydration Boost", "category": "class", "sku": "26HYD/HAT/MEG", "description": "This 8 class flows through continuous movement, stretches, twists, and inversions to give your body's circulation a boost. Peak postures include Revolved Single-Legged Chair, Revolved Half Moon, Handstand, and Side Crow.", "practice": 8, "level": "beginner", "intensity": "regular", "session_duration": 30, "series_duration": 6, "equipment": "none", "trainer": 3, "price": "30.00", "image": "26.jpg"}}, {"model": "classes.yogaclass", "pk": 62, "fields": {"name": "Reclaim Energy", "category": "class", "sku": "27REC/HAT/LAU", "description": "Recharge with mild inversions noticing how your body and breath feel as energy flows from your legs to head. Practice Legs Up The Wall, Shoulder Stand, Bridge, and Plow poses adjusting as needed to decrease pressure on your neck.", "practice": 8, "level": "all", "intensity": "regular", "session_duration": 40, "series_duration": 10, "equipment": "blocks", "trainer": 10, "price": "40.00", "image": "27.jpg"}}, {"model": "classes.yogaclass", "pk": 63, "fields": {"name": "Neck & Shoulder Release", "category": "class", "sku": "28NEC/HAT/EMI", "description": "Explore a range of motion in your neck and shoulders to release, relax, and reintegrate. This gentle progression remains either sitting or laying down through pelvic tilting, full spinal rolling, cactus arms with rotations, then Savasana.", "practice": 8, "level": "beginner", "intensity": "low", "session_duration": 20, "series_duration": 6, "equipment": "block, blanket", "trainer": 9, "price": "30.00", "image": "28.jpg"}}, {"model": "classes.yogaclass", "pk": 64, "fields": {"name": "Hello Hamstrings", "category": "class", "sku": "29HEL/HAT/BRI", "description": "Instead of flexibility being the primary focus, this class prioritizes hamstring strength to create more mobility and elasticity. Flow steadily through a lunge sequence with variations in Crescent Moon, Half Split, and Lizard Lunge, then finish in Reclining Hand-To-Big-Toe Pose", "practice": 8, "level": "all", "intensity": "low", "session_duration": 25, "series_duration": 8, "equipment": "block, strap", "trainer": 7, "price": "35.00", "image": "29.jpg"}}, {"model": "classes.yogaclass", "pk": 65, "fields": {"name": "Core & Hip Flexors Hatha", "category": "class", "sku": "30COR/HAT/AMY", "description": "Activate your core and lower body to develop the essential building blocks for your practice. Zero in on your abs and hips to improve transitions while progressing through Side Plank, Extended Hand-To-Big-Toe Pose, Standing Split, and Triangle. Finish with restorative back bends and an inversion.", "practice": 8, "level": "intermediate", "intensity": "regular", "session_duration": 35, "series_duration": 10, "equipment": "blocks", "trainer": 1, "price": "40.00", "image": "30.jpg"}}, {"model": "classes.yogaclass", "pk": 66, "fields": {"name": "Shoulder Strengthening", "category": "class", "sku": "31SHO/HAT/KEL", "description": "Build strength and stability in your arms by slowing down in transitions and engaging your chest and back. Postures in this steady flow include Locust, Warriors, Revolved Triangle, and Bow Pose", "practice": 8, "level": "all", "intensity": "regular", "session_duration": 30, "series_duration": 10, "equipment": "blocks", "trainer": 5, "price": "40.00", "image": "31.jpg"}}, {"model": "classes.yogaclass", "pk": 67, "fields": {"name": "Energetic Equilibrium", "category": "class", "sku": "32ENE/HAT/RYA", "description": "This 8 class is designed to make sure you are fully stable in your practice. While in asanas, work on tightening your muscles, then elongate and stretch to feel totally balanced. Practice Nadi Shodhana breathwork, Table Top with hovering knees, Half Frog Pose, and Crescent Moon to Half Split.", "practice": 8, "level": "intermediate", "intensity": "high", "session_duration": 45, "series_duration": 8, "equipment": "none", "trainer": 4, "price": "35.00", "image": "32.jpg"}}, {"model": "classes.yogaclass", "pk": 68, "fields": {"name": "Intro to the Basics", "category": "class", "sku": "33INT/ASH/BRI", "description": "Let's begin with the basics of 9 Yoga: breath, gaze, movement, and observation. We'll build surya namasakara (sun salutations) from the ground up, then lie on our backs for a moment of observation and connection to our breathing, all leading into a nice savasana.", "practice": 9, "level": "beginner", "intensity": "low", "session_duration": 30, "series_duration": 10, "equipment": "none", "trainer": 7, "price": "40.00", "image": "33.jpg"}}, {"model": "classes.yogaclass", "pk": 69, "fields": {"name": "Beginning Flow", "category": "class", "sku": "34BEG/ASH/AMY", "description": "Building on the sun salutations we learned in our first class, let's ease into downward facing dog. Next, we'll practice standing poses like triangle and extended side angle before coming down to the mat for bridge pose and savasana", "practice": 9, "level": "all", "intensity": "regular", "session_duration": 25, "series_duration": 12, "equipment": "blocks", "trainer": 1, "price": "50.00", "image": "34.jpg"}}, {"model": "classes.yogaclass", "pk": 70, "fields": {"name": "Build the Foundation", "category": "class", "sku": "35BUI/ASH/LEN", "description": "This class will thoroughly break down each posture to prepare you for the rigorous flow sequences to come. Each practice in this program will be followed with finishing poses, beginning today with detailed padmasana instruction and advanced variations.", "practice": 9, "level": "intermediate", "intensity": "regular", "session_duration": 45, "series_duration": 10, "equipment": "none", "trainer": 8, "price": "40.00", "image": "35.jpg"}}, {"model": "shop.shopproducts", "pk": 1, "fields": {"sku": "yog/kit/min", "category": "product", "name": "mini yoga kit", "description": "Set containing blue yoga mat and a pair of yoga blocks", "price": "23.50", "image": "yoga-mini-kit.jpg"}}, {"model": "shop.shopproducts", "pk": 2, "fields": {"sku": "yog/bal", "category": "product", "name": "yoga ball", "description": "Inflatable silver yogal ball, 80cm diameter once inflated", "price": "12.99", "image": "yoga-ball.jpg"}}, {"model": "shop.shopproducts", "pk": 3, "fields": {"sku": "yog/kit/a", "category": "product", "name": "Yoga Kit - Set A", "description": "Full yoga accessory kit including mat, weights, yoga block, straps and water bottle", "price": "65.00", "image": "yoga-kit-a.jpg"}}, {"model": "shop.shopproducts", "pk": 4, "fields": {"sku": "yog/kit/b", "category": "product", "name": "Yoga Kit - set B", "description": "Yoga accessory kit containing yoga ball, mat, ab-roller and water bottle", "price": "52.50", "image": "yoga-kit-b.jpg"}}, {"model": "shop.shopproducts", "pk": 5, "fields": {"sku": "yog/kit/c", "category": "product", "name": "yoga kit - set c", "description": "Yoga accessory kit containing yoga ball, mat and light weights.", "price": "50.00", "image": "yoga-kit-c.jpg"}}, {"model": "shop.shopproducts", "pk": 6, "fields": {"sku": "yog/kit/d", "category": "product", "name": "yoga kit - set d", "description": "Pink themed yoga kit, containing mat, weights, yoga block and towel", "price": "45.99", "image": "yoga-kit-d.jpg"}}, {"model": "shop.shopproducts", "pk": 7, "fields": {"sku": "yog/kit/e", "category": "product", "name": "yoga kit - set e", "description": "Blue themed yoga kit, containing mat, straps, yoga block and water block", "price": "45.99", "image": "yoga-kit-e.jpg"}}, {"model": "shop.shopproducts", "pk": 8, "fields": {"sku": "yog/kit/f", "category": "product", "name": "yoga kit - set f", "description": "Yoga accessory kit containing blue yoga mat and pair of 1kg purple dumbells, water bottle", "price": "38.50", "image": "yoga-kit-f.jpg"}}, {"model": "shop.shopproducts", "pk": 9, "fields": {"sku": "yog/kit/g", "category": "product", "name": "yoga kit - set g", "description": "Set containing purple yoga mat, straps, and a pair of yoga blocks", "price": "19.50", "image": "yoga-kit-g.jpg"}}, {"model": "shop.shopproducts", "pk": 10, "fields": {"sku": "yog/mat/blu", "category": "product", "name": "yoga mat", "description": "Blue yoga mat, 1.5m length", "price": "15.50", "image": "yoga-mat-blue.jpg"}}, {"model": "shop.shopproducts", "pk": 11, "fields": {"sku": "yog/mat/pin", "category": "product", "name": "yoga mat", "description": "Pink yoga mat, 1.5m length", "price": "15.50", "image": "yoga-mat-pink.jpg"}}, {"model": "shop.shopproducts", "pk": 12, "fields": {"sku": "yog/mat/pur", "category": "product", "name": "yoga mat", "description": "Purple yoga mat, 1.5m length", "price": "15.50", "image": "yoga-mat-purple.jpg"}}, {"model": "shop.shopproducts", "pk": 13, "fields": {"sku": "yog/mat/gre", "category": "product", "name": "yoga mat", "description": "Green yoga mat, 1.5m length", "price": "15.50", "image": "yoga-mat-green.jpg"}}, {"model": "shop.shopproducts", "pk": 14, "fields": {"sku": "yog/mat/gal", "category": "product", "name": "yoga mat", "description": "Limited edition galaxy printed yoga mat, 1.5m length", "price": "19.99", "image": "yoga-mat-galaxy.jpg"}}, {"model": "shop.shopproducts", "pk": 15, "fields": {"sku": "yog/mat/wei", "category": "product", "name": "yoga mat and weights", "description": "Blue yoga mat pair of 1kg green dumbells", "price": "32.60", "image": "yoga-mat-weights.jpg"}}, {"model": "shop.shopproducts", "pk": 16, "fields": {"sku": "yog/wei", "category": "product", "name": "yoga weights", "description": "A pair of pink  1kg dumbells", "price": "21.99", "image": "weights.jpg"}}, {"model": "profiles.userprofile", "pk": 1, "fields": {"user": 1, "default_phone_number": "+353868051087", "default_street_address1": "62 Grosvenor Lodge, Leinster Road, Leinster Road", "default_street_address2": "Leinster Road", "default_town_or_city": "Rathmines, Dublin 6", "default_county": "Dublin", "default_postcode": "D06 C0R3", "default_country": "IE"}}, {"model": "profiles.userprofile", "pk": 2, "fields": {"user": 2, "default_phone_number": "123456", "default_street_address1": "62 Grosvenor Lodge, Leinster Road, Leinster Road", "default_street_address2": "Leinster Road", "default_town_or_city": "Rathmines, Dublin 6", "default_county": "Dublin", "default_postcode": "D06 C0R3", "default_country": "IE"}}]